title,art_prompt,tags
Alpine Signal Van,"Premium high-roof 4x4 camper van parked under a starry alpine radio tower, no logos","van life shirt, overland apparel, camper van gift"
Desert Campfire Mode,Adventure van beside a desert campfire with coyotes silhouetted on ridgeline,"desert camping shirt, van life gift"
Muddy Tires Clean Soul,"Off-road van splashing through forest mud, bold vintage typography","off road van shirt, adventure apparel"
Summit Coffee Stop,Van at mountain overlook with steaming camp mug sunrise,"camp coffee shirt, camper van apparel"
Moose Crossing Basecamp,High-roof van and moose near pine forest lake,"wildlife van shirt, outdoors gift"
No Hotel Required,"Van parked by canyon, premium badge style",van life slogan shirt
Trailhead Ghost Stories,Van glowing at dark trailhead with lanterns and tall trees,"camping shirt, adventure van"
Recovery Board Rodeo,Van with recovery boards and oversized tires climbing rocky trail,"overland shirt, 4x4 camper"
Rainy Window Nomad,Cozy van interior silhouette with rain on windows,cozy van life shirt
Bear Proof Snacks?,"Bear inspecting camp cooler near adventure van, funny but premium",funny camping shirt
Fuel Stops and Freedom,Retro gas station at dusk with rugged camper van,road trip shirt
Forest Service Daydream,"Van near national-forest-style sign, generic/no official marks",forest camping apparel
The Scenic Route Wins,Van on switchback road above lake,road trip gift
High Roof Higher Hopes,Tall off-road camper van under aurora,van life quote shirt
Dirt Road Department,Badge-style off-road van with tools and mountain map,overlanding apparel
Campground Cartographer,"Van with maps, compass, trail lines",travel planner shirt
Bison Traffic Jam,Van stopped behind bison on open plain,wildlife road trip shirt
Snow Chain Society,Van in snowy pass with roof gear,winter camping apparel
Solar Panel Saint,"Van rooftop solar glowing in desert sun, funny halo motif",solar van life shirt
Weekend Wilderness Unit,Adventure van as official-looking fictional unit badge,weekend camping shirt
Don’t Follow Me I’m Lost Too,"Van on forked dirt road, humorous sign",funny van life shirt
Camp More Worry Less,Van hammock and pine sunset,camping gift
The Long Way Home,Van crossing bridge into mountains,road trip apparel
Trail Dust Therapy,Dusty van with big tires and recovery gear,off road camping shirt
Tiny Cabin Big World,Van as tiny cabin under huge landscape,camper van gift
